Langle1,Langle2,Langle3,Langle4,Langle5,Langle6,Langle7,Langle8,Langle9,Langle10,Langle11,Langle12,Langle13,Langle14,Langle15,Rangle1,Rangle2,Rangle3,Rangle4,Rangle5,Rangle6,Rangle7,Rangle8,Rangle9,Rangle10,Rangle11,Rangle12,Rangle13,Rangle14,Rangle15,Class
0.3963869512081146,0.4376547634601593,0.042647119611501694,0.2621137499809265,0.48577627539634705,0.6146047711372375,0.12589260935783386,0.5276550650596619,0.9639565348625183,0.19522711634635925,0.4236934781074524,0.3961341381072998,0.33549654483795166,0.23886483907699585,0.18309617042541504,0.40270182490348816,0.43195050954818726,0.3198220431804657,0.41920238733291626,0.37172263860702515,0.25406432151794434,0.30352783203125,0.326460599899292,0.14871078729629517,0.310304194688797,0.21652239561080933,0.1251543015241623,0.43773192167282104,0.25169214606285095,0.29765748977661133,0.0
0.40270182490348816,0.43195050954818726,0.3198220431804657,0.41920238733291626,0.37172263860702515,0.25406432151794434,0.30352783203125,0.326460599899292,0.14871078729629517,0.310304194688797,0.21652239561080933,0.1251543015241623,0.43773192167282104,0.25169214606285095,0.29765748977661133,0.3963869512081146,0.4376547634601593,0.042647119611501694,0.2621137499809265,0.48577627539634705,0.6146047711372375,0.12589260935783386,0.5276550650596619,0.9639565348625183,0.19522711634635925,0.4236934781074524,0.3961341381072998,0.33549654483795166,0.23886483907699585,0.18309617042541504,0.0
